,Q11_r1,Q11_r2,Q11_r3,Q11_r4,Q11_r5,Q11_r6,Q11_r7,Q11_r8,Q11_r9,Q11_r10,Q11_r11,Q11_r12
Q17_r2,0.355960343,-0.008067567,0.121298332,-0.021688461,-0.050257434,0.013258097,-0.079030838,0.028017596,-0.044352295,-0.003749504,-0.006816087,0.018897944
Q18_r15,0.123451619,-0.0005693,0.15495011,0.053205694,-0.045983753,-0.016470696,-0.052412461,-0.011341603,0.053976068,-0.014569691,0.006075569,-0.101771613
Q18_r5,0.111980768,-0.012045202,0.054847277,-0.005293571,0.007025095,-0.018613914,-0.055677151,0.008628623,0.037950519,0.033626072,0.093284441,-0.066654751
Q21_r5,0.096519926,0.083265691,0.018729626,0.003748097,-0.013197282,0.00894353,-0.039796742,-0.017919079,-0.004059765,-0.016323423,0.099779295,0.009255083
Q12_r28,0.093318142,0.018512544,0.131789726,0.022310792,-0.048626024,-0.036157882,-0.041611299,0.006098367,0.02477805,0.052962074,-0.009809056,-0.05800989
Q13_r1,0.078228959,0.025395728,0.037040144,-0.005693439,-0.025106627,0.001352319,-0.066419514,-0.014883465,0.058602176,0.008779749,0.035937822,-0.013808377
Q12_r14,0.077140587,0.003700187,-0.00794076,0.01572636,0.000184951,-0.046529459,0.020704961,-0.039738165,0.031232155,0.03357832,0.010322973,-0.065922417
Q18_r4,0.07609582,-0.025831297,0.0827473,0.031684973,-0.005386074,-0.03672356,-0.024360102,0.011384824,0.073808129,0.03794943,-0.00232706,-0.15452811
Q13_r6,0.072431225,0.028007234,0.060657312,-0.082856856,-0.047245005,-0.042168318,-0.028510399,0.078000818,0.10907339,-0.033987177,0.026187459,-0.029856394
Q18_r8,0.07093311,0.017027316,0.068891099,0.019957083,-0.039098276,0.024223812,-0.064660645,0.029249316,0.046190633,-0.005990579,0.004810402,-0.058925269
Q2_C1_r4,0.067883662,0.045977171,0.108643589,0.002742625,-0.017586448,-0.027965445,-0.006317816,-0.002354216,0.022204975,0.007020258,0.010161635,-0.066812816
Q12_r12,0.067285999,0.037754961,0.066874909,0.037373999,0.007165379,-0.038993386,0.002871261,-0.04702281,0.033080784,0.007836668,0.028637996,-0.097564893
Q2_C1_r6,0.064682896,0.035188198,0.051334555,0.034951324,-0.02002536,-0.045593125,-0.029170887,0.004097044,0.045967175,0.004472405,0.046524971,-0.067377729
Q18_r19,0.061572784,0.049848266,0.120613346,-0.024010072,-0.083059495,-0.027482832,-0.080810339,0.105011604,0.114370173,0.01887288,0.023839204,-0.088390318
Q22_r8,0.059665139,0.054631588,0.078321536,0.033400969,-0.068842195,-0.009180233,-0.066735593,0.007249179,0.126938972,0.017891515,0.041199581,-0.130678758
Q18_r9,0.058926221,0.043084915,0.000988315,0.000520243,0.020537287,-0.019617556,-0.028574338,-0.009643674,0.007205099,0.006856254,-0.010709941,-0.002645457
Q19_r1,0.057778637,0.009933658,0.076049544,0.122308692,-0.174331474,-0.073917345,-0.263674492,0.111847481,0.220211696,-0.045299551,0.005926125,0.028853961
Q18_r12,0.055652227,0.023468435,0.070938639,0.023875034,-0.032140894,-0.019408261,-0.0255095,0.021864656,0.051813319,-0.030658921,0.036513587,-0.070106714
Q15_r1,0.054365025,0.017681188,-0.035046586,-0.010624154,-0.046402337,0.036827065,-0.070565187,-0.009462396,0.065863892,0.049908856,0.024923664,-0.008212084
Q17_r10,0.053576537,-0.005968647,-0.017629479,-0.027145124,-0.033228925,0.025801932,-0.035264174,-0.01544504,-0.010717516,-0.011836784,-0.005042761,0.103596332
Q16_r2,0.053341457,0.036928882,0.03892045,-0.002863029,-0.025546449,-0.020927077,-0.063261709,-0.00583688,0.075035518,0.010823189,0.09892788,-0.032097097
Q12_r26,0.052703235,-0.014758363,0.023950272,0.020522505,-0.015205915,-0.020942189,-0.012932341,0.001916906,0.045720949,0.008436163,-0.012468974,-0.066288414
Q18_r20,0.05228116,0.008153517,0.080801269,-0.006083722,-0.038440328,-0.031705567,0.008964246,0.045721882,0.009424453,0.034272411,0.018174829,-0.063140402
Q12_r13,0.051557006,-0.010777052,0.068043589,0.019913398,0.00526387,-0.04063844,-0.015872928,0.006996573,0.015898787,0.008771746,0.067077527,-0.058973037
Q17_r3,0.050758506,-0.004384758,0.013236104,-0.005609995,-0.006951848,-0.026053125,0.036232254,-0.003594341,-0.024209734,0.018230914,-0.003704573,-0.011224879
Q13_r10,0.04631141,0.024690592,0.116806682,-0.047455937,-0.060619866,-0.075844352,-0.013988746,0.037497746,0.137274155,-0.044768656,0.006046075,-0.060699861
Q21_r2,0.045147129,0.007419659,0.023329244,0.015436813,-0.088437722,0.012413047,-0.044815428,0.063696705,0.101604037,-0.030170648,0.020828677,-0.074503356
MRK_Age2_r1,0.045091084,0.05630435,0.011056968,-0.0074513,-0.049614737,-0.031943235,-0.009139649,0.019385409,0.070727092,0.023025117,0.042566493,-0.061766167
Q12_r20,0.043408483,0.009963679,0.083989292,-0.022019089,0.005341191,-0.033458759,-0.037775221,0.019237101,0.075904129,-0.008764942,0.016741451,-0.068963985
Q20_r1,0.043318068,-0.007237131,0.010553449,0.025216843,-0.074504942,0.069487857,-0.097911835,0.004179873,0.018985254,-0.004242594,-0.000346138,0.06288678
S3_r1,0.041698624,-0.007697827,0.060118365,0.043702617,-0.022201475,0.030404617,-0.018187982,-0.010406233,-0.077016147,-0.02690568,0.012942487,0.05347296
Q22_r12,0.041494204,0.029631839,0.05452645,0.028110761,-0.091823515,-0.038429216,-0.136137317,0.082879945,0.146901163,0.018443421,0.015596822,-0.046715958
Q12_r25,0.040973903,-0.012045202,0.014658404,0.030840116,-0.015969846,-0.002727224,-0.031229227,-0.010916272,0.011438804,0.069090247,0.058797397,-0.053739134
Q10_r18,0.03832205,-0.01977973,0.013835131,-0.025409716,-0.001310559,0.012565927,0.002768831,0.014348104,-0.035435114,-0.005255879,0.022579824,0.034820633
Q18_r21,0.037796321,-0.012468643,0.050894531,-6.16E-05,-0.012094617,-0.017574966,-0.04862449,-0.007945683,0.008572108,0.049915381,-0.010534446,0.017029844
Q18_r16,0.036739065,-0.009884886,-0.0590761,-0.004839004,0.040651207,-0.039322664,0.072830813,-0.040075872,0.029564033,0.001895209,-0.015506884,-0.088404007
Q21_r3,0.036459677,0.022219081,0.085728049,0.0059866,-0.066861422,0.04885694,-0.103473904,-0.000658766,0.074984627,0.049570177,-0.015724188,-0.034380703
Q12_r22,0.035771468,0.020671591,0.007503238,-0.001472994,0.016739091,-0.025779407,0.033372528,-0.028117254,-0.037756611,-0.003930339,-0.004161453,0.01698529
Q13_r8,0.035460385,0.085949697,0.018093834,-0.007175625,-0.049809416,0.010362555,-0.038436288,0.022301494,0.009792642,0.024050331,0.017533916,0.015686993
Q22_r9,0.034635097,0.027157398,0.044597522,0.013233176,-0.030746116,-0.013726778,-0.038646434,0.015510987,0.102592514,0.023247799,0.001785184,-0.120192255
S1_r1,0.034176691,-0.014785524,-0.018312702,0.040371719,-0.007968973,0.00029097,0.019357927,-0.00093852,-0.011899441,-0.014817284,0.001623446,-0.037462936
Q12_r6,0.033640889,-0.002718845,0.001460963,-0.038407494,-0.041233414,-0.014615401,0.001867982,0.010440398,0.1406269,0.009510703,-0.009815493,-0.117235184
Q22_r1,0.033573781,0.021776763,0.046051197,0.029646512,-0.092654241,0.020611566,-0.117188409,0.071470607,0.144475983,0.023341337,0.025366772,-0.104771894
Q23_r3,0.033544115,0.026322039,0.006921914,0.030825303,-0.042532646,0.031847384,-0.022307781,0.002959659,0.01966052,-0.024981864,-0.00347436,-0.02258729
Q2_C2_r7,0.033160314,0.029452662,0.023067466,0.009143689,-0.015814707,0.030039929,-0.002356199,0.026861869,-0.001916567,-0.029429785,0.009574971,-0.04140752
Q10_r20,0.03163448,0.013307492,-0.002689637,0.034164054,0.002548254,-0.030911473,0.007754461,-0.038822879,0.01403351,0.033722052,0.020252555,-0.05134216
Q2_C2_r3,0.030875111,0.057196987,0.038505657,0.042020088,-0.022670102,-0.041392164,-0.05313241,0.015422914,0.079663063,0.02349684,0.01576277,-0.090780472
Q2_C3_r1,0.030781766,1.30E-05,0.030011403,0.007450179,0.00717255,0.001096172,0.009545778,-0.017493989,-0.010057178,0.011658985,0.006648538,-0.034702064
Q9_r1,0.030418066,-0.01669088,0.042433896,-0.021721393,-0.082729055,-0.050823268,-0.136740484,0.110042831,0.13447091,-0.022776759,0.012137851,0.048727254
Q22_r16,0.030339785,0.011798711,0.032502852,0.058620649,-0.080421622,0.020216206,-0.097843497,0.051813679,0.137710155,-0.013072871,0.023393957,-0.118233848
Q10_r3,0.029515958,-0.008265285,0.0323262,0.003935802,-0.012844542,0.003224222,-0.01710433,-0.020388266,0.02248646,0.024752123,0.041706161,-0.033072111
Q10_r25,0.028698485,-0.024777761,-0.012979972,-0.002533078,-0.0189099,0.022016484,0.038144884,-0.003187707,-0.039688562,-0.015535858,-0.016183409,0.019395759
S5_r3,0.028621833,-0.003092833,-0.012764212,0.003627121,-0.029704011,-0.007378732,-0.001325431,0.001959213,0.005342783,0.020083835,-0.018183593,0.008907563
Q12_r15,0.028196111,-0.007620352,0.07933317,-0.069645665,-0.044957883,-0.022839362,-0.014415538,0.040022817,0.069833779,-0.018430407,0.039406974,-0.000922127
Q2_C2_r4,0.027812985,0.035925497,0.05524304,0.022659667,-0.004542283,-0.034444191,-0.03312874,-0.009037068,0.077673953,0.028704976,0.014234792,-0.104436295
Q10_r6,0.027033236,0.036937336,0.055118041,0.014730865,0.005372711,-0.009472899,-0.03051494,-0.014722293,0.021811699,0.001908405,0.018279757,-0.036462969
Q13_r11,0.027002738,0.021657126,0.007168583,-0.036241179,-0.021037562,0.013133842,-0.009502336,0.002116144,0.037866547,0.003234148,0.031979297,-0.013047659
Q2_C2_r6,0.026969302,0.02665082,0.046657115,0.061561068,-0.000812115,0.032383534,-0.053819142,-0.033698898,0.080410723,-0.016735918,0.007509936,-0.13194987
Q16_r4,0.026832393,0.031046769,-0.011743681,0.025683266,-0.041905157,-0.00790156,-0.046896848,0.021653268,0.018843126,-0.027122851,-0.007267268,0.045188848
Q10_r24,0.025864027,-0.012538167,0.021164882,0.025974285,-0.004072515,-0.008036958,-0.053114756,-0.033675544,0.055035794,0.042270615,0.02270125,-0.046395178
Q12_r1,0.025864027,0.043758295,0.19576077,-0.020537896,-0.017392361,-0.028486699,-0.012653358,-0.014806539,0.02944089,-0.005662271,-0.010593185,-0.046395178
Q12_r2,0.025125539,-0.01762305,0.116524485,-0.052070162,-0.040421066,-0.027449394,-0.025692455,0.036122172,0.095906856,-0.028762762,-0.014889276,-0.037953919
Q12_r27,0.024982078,0.006826947,0.007775078,0.003153654,-0.041041497,-0.008115148,-0.038480715,0.026922409,0.040145819,0.020435799,-0.013562573,-0.005013551
Q10_r13,0.024942533,-0.001502777,0.005156365,0.006783847,0.030956306,-0.034604439,0.016666563,-0.027152804,-0.012309374,0.018586703,0.02659851,-0.020394156
Q10_r16,0.024800351,0.03584259,0.003666768,-0.006416188,-0.027464203,-5.09E-05,-0.006279192,-0.034238297,0.058524313,0.012193458,0.027093385,-0.039701747
Q2_C2_r2,0.02342882,0.024025108,0.061183804,0.054913216,-0.052863143,-0.029050164,-0.072833054,0.027662566,0.122770285,-0.000852383,0.017501101,-0.113728297
Q13_r16,0.023258798,0.014420379,0.037203748,-0.022598074,-0.000671844,-0.012318658,0.002746712,-0.005722541,0.044848926,0.031203307,-0.010940679,-0.067098006
Q12_r30,0.022419224,-0.009197489,0.075507499,0.019824289,0.035000358,-0.034355614,-0.033391889,-0.034836221,0.009160144,0.033167462,0.036282771,-0.037623923
Q13_r12,0.022221822,0.041013936,0.073175516,-0.013802027,0.005671208,-0.028785324,-0.010265188,0.017066761,0.028475289,0.003184681,0.052945555,-0.056761699
Q8_r2,0.021917986,0.007454365,0.02343205,0.011763939,-0.008922419,-0.023911777,0.000256988,0.006092266,0.010576372,0.01189659,0.02086105,-0.031844791
Q26_r2,0.021562372,-0.011704275,0.000677933,-0.018330244,0.026089649,0.009311189,0.055283808,-0.033588585,-0.044398544,0.009690424,0.014309511,-0.014684196
Q10_r12,0.021330353,-0.037560739,-0.008443792,-0.018566381,-0.010220589,-0.001936416,0.041213437,0.004151045,-0.026882745,-0.022729111,0.001773134,0.027408099
Q10_r19,0.020985439,0.006514613,0.00152758,-0.00036536,-0.014498399,-0.021980654,-0.010480648,0.030569234,-0.016893253,0.003404423,0.016559488,0.033114399
Q22_r23,0.020777355,-0.012728454,0.036709509,0.045586578,-0.049358996,-0.009741722,-0.01565587,0.027567573,0.056625514,0.006687074,-0.043760776,-0.087243815
Q12_r31,0.020715088,-0.01590571,0.012446793,-0.010150912,0.03844857,-0.008763334,0.047530992,-0.000456908,-0.078176919,0.01067126,-0.026187316,0.011560145
Q13_r2,0.020607598,0.029505765,-0.001909787,0.00506453,0.022082897,-0.003788638,0.033973921,-0.038160506,-0.037470179,-0.000841049,-0.019590669,0.000914111
Q6_r2,0.020219575,0.025752282,0.019629215,-0.019131908,-0.0128717,-0.034204746,0.030080104,-0.007239759,-0.021247391,0.000519241,-0.001032223,0.035925134
Q19_r3,0.019998854,0.062401245,-0.003408799,-0.011225499,0.034796968,-0.043665055,0.034082192,-0.036765518,0.009432987,0.04670056,0.034484773,-0.062689339
Q23_r1,0.019912874,-0.004384758,-0.012951178,-0.016074396,-0.006951848,0.001551811,0.063541505,-0.020575083,-0.032847321,-0.000256001,-0.003704573,-3.70E-06
Q10_r9,0.01941844,0.07016543,0.08486714,-0.032879189,-0.020583601,-0.053846888,0.012882493,-0.026459895,0.047870154,0.017252632,0.011378749,-0.02796354
Q2_C3_r3,0.019276237,-0.01172002,0.047731012,0.012152684,0.016285228,-0.047935858,-0.011215881,-0.001597698,0.025602298,0.037102662,0.025430545,-0.059113919
Q2_C1_r2,0.018966947,0.032544706,0.047812007,0.017226735,-0.040352821,0.011344099,-0.059249414,0.006511506,0.112322099,-0.023213314,0.024425101,-0.088258092
Q2_C3_r2,0.018728591,0.078703704,0.043510772,0.041143409,-0.038672051,-0.015047612,-0.054230641,-0.004278144,0.061152268,0.002532789,0.042620431,-0.049387827
Q10_r11,0.018671729,-0.012610357,-0.013266748,-0.003176116,0.020825779,0.005800243,-0.005304312,0.028607096,-0.004073212,0.012719454,0.01324287,-0.036498476
Q22_r13,0.017542499,0.054391218,0.017141834,0.070258377,-0.005243925,-0.020815636,-0.049107209,-0.023014267,0.031596007,0.04565563,-0.010980592,-0.066912268
Q22_r6,0.017145177,0.013028838,0.029572136,0.02093148,-0.001607582,-0.030247495,-0.02767652,-0.007312024,0.07319368,-0.001407175,0.018066192,-0.074721857
Q22_r11,0.017057224,-0.007387411,0.07016477,0.007267877,-0.050985496,-0.027590375,-0.037372084,0.046622917,0.069939847,0.013245625,0.021699943,-0.059163991
Q2_C3_r5,0.016779831,0.026355999,0.021319063,0.0330022,0.038431917,-0.015702889,0.004538943,-0.040169466,-0.000415286,-0.001288305,-0.003447651,-0.055029193
Q13_r4,0.016593707,0.005334847,0.017154873,-0.009424262,-0.04776783,-0.020227982,-0.022612054,0.066262928,0.119520994,-0.021096014,-0.014679497,-0.099455766
Q18_r6,0.015436563,0.016131203,0.012577603,0.029069253,-0.010792788,-0.021708438,0.065710689,-0.026180286,-0.008541705,0.037265049,0.023258743,-0.094932342
Q27_r1,0.0150782,-0.002607418,-0.011365574,-0.002237886,-0.035162012,0.04630657,-0.022715127,0.025185744,0.000710572,-0.022785566,-0.017924176,0.023941122
Q2_C2_r5,0.014933395,-0.006474721,0.024848828,0.040246055,0.032059417,0.008595557,-0.013152929,-0.036523455,0.015465753,-0.010006068,0.040971974,-0.074064599
Q2_C1_r5,0.014625248,0.006392431,0.069056453,0.012509465,-0.003910724,-0.026662958,-0.009349754,-0.025675734,0.009815507,-0.003373561,-0.01373546,-0.004428376
Q12_r24,0.014536648,-0.007585682,0.021027637,0.04979866,-0.015268919,0.039012966,-0.054664562,-0.001473755,0.02596704,-0.022401422,0.019394175,-0.038202026
Q22_r17,0.014447813,0.039285565,0.012918503,0.026994642,0.016736428,-0.030684259,-0.037536578,-0.020432027,0.070952707,0.003567598,-0.00275706,-0.070484967
Q10_r1,0.014259747,-0.049895304,-0.026830222,-0.03515001,0.005615198,0.003376051,0.076954035,-0.010146781,-0.043939702,-0.0271587,-0.037315897,0.033438734
Region_r2,0.013639402,-0.026369949,0.034444238,0.001902522,0.017117583,-0.035309415,0.045384689,-0.043614177,-0.036517234,0.022092185,-0.003000238,0.002095657
Q27_r3,0.013586993,-0.014226518,0.033768433,0.024000974,0.01904923,-0.022632155,0.002928438,-0.020268861,0.021596433,0.023057885,0.046571722,-0.080562688
Q25_r2,0.013583703,0.03471066,-0.026220924,-0.004590358,0.013535627,-0.028698264,0.021860267,0.03056425,0.00377698,-0.026543035,0.016819079,-0.021288054
Q13_r14,0.013492786,-0.010580455,0.059020296,-0.044198501,-0.007477709,-0.003392354,-0.020046868,0.008887397,0.031651373,0.042398155,0.029792954,-0.023217607
Region_r4,0.013481458,0.025806041,-0.003495736,-0.083852529,-0.095087511,-0.012546907,-0.042239122,0.177630947,0.078884578,-0.028038928,-0.000999925,0.031263196
Q17_r6,0.013088711,0.034358556,0.083361183,-0.002620756,-0.014832873,0.095256313,-0.094682363,0.062510945,-0.026081202,0.020634003,-0.01244282,-0.007985183
Q22_r15,0.012427177,0.048705021,0.068137508,0.062494017,-0.06599276,-0.011413241,-0.092953657,0.028050175,0.148116635,-0.011569627,0.036336435,-0.130754351
MRK_Age2_r2,0.01233607,-0.026515635,0.034285838,0.058010869,-0.030184451,0.002768775,-0.059135199,-0.015342387,0.024149602,-0.003312457,-0.017688804,0.004414343
Q16_r7,0.011991707,-0.018529913,-0.012384388,-0.006898728,-0.020849504,0.0089387,-0.021369667,0.050346592,0.002354816,-0.024399892,0.008570567,0.027081802
Oversample_r1,0.011986202,0.004807259,-0.703565914,0.040568702,0.033905541,0.028563518,0.050098567,0.02255763,0.054952132,0.020548921,0.004061533,0.036911302
Q11_r1,1,-0.00576784,-0.01703636,-0.048675093,-0.040680506,-0.034271047,-0.060109203,-0.027065069,-0.065932603,-0.024654982,-0.004873104,-0.044286875
Q11_r2,-0.00576784,1,-0.006832706,-0.019521928,-0.016315571,-0.013744954,-0.024107762,-0.010854881,-0.02644333,-0.009888277,-0.001954437,-0.017761963
Q11_r3,-0.01703636,-0.006832706,1,-0.057661552,-0.048190994,-0.040598212,-0.071206643,-0.032061857,-0.078105165,-0.029206817,-0.005772783,-0.052463176
Q11_r4,-0.048675093,-0.019521928,-0.057661552,1,-0.137687931,-0.115994365,-0.203446627,-0.091604891,-0.223156603,-0.08344767,-0.016493591,-0.149894108
Q11_r5,-0.040680506,-0.016315571,-0.048190994,-0.137687931,1,-0.096943,-0.170031762,-0.076559347,-0.186504494,-0.069741901,-0.01378462,-0.125274916
Q11_r6,-0.034271047,-0.013744954,-0.040598212,-0.115994365,-0.096943,1,-0.143242231,-0.064496959,-0.157119584,-0.058753643,-0.011612769,-0.105537096
Q11_r7,-0.060109203,-0.024107762,-0.071206643,-0.203446627,-0.170031762,-0.143242231,1,-0.113123502,-0.275577607,-0.103050096,-0.020368048,-0.185105253
Q11_r8,-0.027065069,-0.010854881,-0.032061857,-0.091604891,-0.076559347,-0.064496959,-0.113123502,1,-0.124082944,-0.046399849,-0.009171019,-0.083346412
Q11_r9,-0.065932603,-0.02644333,-0.078105165,-0.223156603,-0.186504494,-0.157119584,-0.275577607,-0.124082944,1,-0.113033623,-0.022341311,-0.20303831
Q11_r10,-0.024654982,-0.009888277,-0.029206817,-0.08344767,-0.069741901,-0.058753643,-0.103050096,-0.046399849,-0.113033623,1,-0.008354359,-0.075924592
Q11_r11,-0.004873104,-0.001954437,-0.005772783,-0.016493591,-0.01378462,-0.011612769,-0.020368048,-0.009171019,-0.022341311,-0.008354359,1,-0.01500664
Q11_r12,-0.044286875,-0.017761963,-0.052463176,-0.149894108,-0.125274916,-0.105537096,-0.185105253,-0.083346412,-0.20303831,-0.075924592,-0.01500664,1
Q11_r13,,,,,,,,,,,,
QDevice_r1,0.011927896,-0.012721656,0.01457688,-0.031676219,-0.033500384,-0.048824288,0.054437045,-0.025432704,0.015959357,-0.003998154,0.015161655,0.025817979
Q12_r19,0.011673034,0.020998623,0.022773429,-0.021666801,-0.031558033,-0.006802733,-0.025661159,-0.015486052,-0.008528644,0.062051484,-0.009203754,0.057630956
Q22_r10,0.011027994,0.020127497,0.026206757,0.013105339,-0.025425508,-0.010066946,-0.014427174,0.021155361,0.032709138,0.006244264,-0.005816388,-0.04203346
Q14_r1,0.010833402,0.009971773,0.005631497,0.022277407,-0.000546468,-0.003529112,0.000409538,-0.007272758,0.039342722,0.025807847,0.008424902,-0.09186032
Q22_r21,0.010812585,0.010114869,0.001095979,0.05948378,-0.016594654,-0.009298494,-0.067914585,0.024602128,0.094502322,0.015808229,0.040651793,-0.116567788
Q12_r7,0.010762169,-0.015302359,0.011308327,-0.004539511,-0.023787567,-0.009109738,-0.010378732,0.042532172,0.081070593,0.0013943,-0.003581171,-0.092990577
Q13_r9,0.009773899,-0.004890924,-0.020184986,-0.008310012,-0.001003363,0.051850445,0.048523987,0.019378539,-0.117426654,0.006945976,0.005716914,0.048512774
Q10_r27,0.009237662,0.011734554,0.028541145,0.007471658,0.004649987,-0.010187535,0.039572376,-0.034431756,-0.023287302,-0.054952609,-0.004088034,0.016685624
Q10_r21,0.009219563,0.004439729,0.00133233,-0.020909082,-0.002480916,0.007751259,-0.009154998,-0.004122175,0.003342843,0.002898456,0.052277793,0.015242635
Q12_r3,0.009033276,0.011886691,0.011056968,0.070022054,-0.049614737,-0.005051975,-0.025101581,-0.020314756,0.065678526,0.001414354,-0.00997183,-0.074883458
Q24_r1,0.008616444,-0.004430124,0.0147363,0.063504561,-0.062127821,0.035631869,-0.056322989,0.020253973,0.070948971,-0.002733362,-0.001355473,-0.081999313
Q12_r29,0.007695746,0.003823328,0.005054032,0.011386052,-0.03157719,-0.021674815,-0.022777184,0.042719268,-0.012370832,0.000377373,0.032675676,0.041052279
Q2_C3_r7,0.007462092,0.011215147,-0.006035554,0.001621243,-0.016503413,-0.005987363,0.018056822,0.039458969,0.031562895,-0.001208763,0.024411154,-0.074856905
Q10_r17,0.007299382,-0.034784267,0.008206483,-0.012128914,-0.036618611,0.016175704,0.039161041,-0.009685984,-0.03769615,-0.020217266,-0.008489205,0.053529611
Q16_r3,0.006393792,-0.011865392,-0.024864948,0.038198662,-0.060383888,0.031460653,-0.088261621,-0.049075158,0.11959671,0.021157942,0.024923664,-0.030026105
S5_r4,0.006291668,0.015391269,0.025485766,0.016687918,-0.052701324,0.023017425,-0.058325793,0.0186456,0.060339123,0.002334392,0.003653983,-0.023439474
Q15_r2,0.006283496,-0.030811247,-0.065226541,0.077226631,0.065900605,0.040411469,-0.042111107,-0.061435491,-0.071150227,0.023948521,-0.005073505,0.023892984
Q19_r5,0.006267754,-0.016082083,-0.008137526,-0.000441864,-0.019731607,0.041377132,0.029443086,-0.019309019,-0.020240567,0.009065062,0.013435886,-0.015531477
Q13_r5,0.005931284,0.003660025,-0.02376778,0.019237131,0.010917366,0.024605787,0.001847248,-0.022833165,-0.022791908,0.028089608,-0.010871265,-0.016638123
Q2_C3_r4,0.005847886,0.052072098,0.046303025,-0.001769089,0.000771316,-0.042367898,-0.029547252,-0.014881528,0.099564776,-0.008248535,0.013244582,-0.073773686
Q10_r5,0.005804225,0.000549605,0.021950341,0.003434793,0.014903821,-0.017368165,0.016719168,-0.007672698,-0.044374637,-0.009343138,0.010800985,0.031317958
Q22_r19,0.005432605,0.058674222,0.000930808,0.032765805,-0.029004718,-0.027390271,-0.046787561,-0.009190534,0.109225194,0.043530139,-0.001385152,-0.101151835
Q13_r19,0.005432605,-0.008340998,0.018250698,-0.008760215,0.068773482,-0.100420294,0.095701108,-0.016677745,-0.065966572,-0.029831731,-0.001385152,0.015118739
Q2_C1_r7,0.004837951,0.008153517,0.029014924,0.044501002,-0.046341845,-0.001377894,-0.055041779,0.004679582,0.094830235,0.009900026,0.018174829,-0.085330712
Q12_r11,0.003072459,0.001706013,-0.005992265,-0.020066082,0.035443488,-0.003606033,0.04950201,-0.037514203,-0.035076652,-0.00049508,0.008325885,0.001067135
Q10_r22,0.003023204,-0.011419935,-0.009349886,-0.028803784,0.003335929,0.031632717,-0.009928409,-0.00360872,-0.002651688,0.015034808,0.014647973,0.013753677
Region_r3,0.003011332,-0.00744731,-0.027634228,-0.006813891,0.021015038,0.006631958,0.033840005,-0.089319723,0.005746666,0.002490213,0.003382872,0.001998619
Q18_r18,0.001958546,-0.010218838,0.028051933,0.002191264,0.013227127,-0.030023905,-0.041716188,0.004915367,0.048378354,0.046763359,0.031344732,-0.048518407
Q16_r6,0.00125053,-0.020355053,0.001829167,-0.096656479,0.076125376,-0.028241134,0.077235504,0.011148018,-0.052766769,0.023584513,-0.029418646,0.012444214
S5_r2,0.001162921,-0.02617419,-0.003999381,0.013473917,0.042549593,-0.012850522,0.011470964,-0.020432027,-0.003449665,0.007548658,0.0165998,-0.041487896
Q2_C3_r8,0.000596079,-0.010005538,-0.038388137,-0.042392906,-0.000348736,0.027332184,-0.024142651,0.029608845,-0.039401764,-0.013285061,-0.022237975,0.113495522
Q25_r1,-8.49E-05,-0.022502049,0.019428713,0.056602437,-0.052130386,0.038778053,-0.072138054,-0.002482681,0.057927481,0.017067427,0.012664104,-0.045024192
Q10_r14,-0.000163236,-0.017483559,0.014726397,-0.056197072,0.015080882,-0.002829465,-0.015585528,0.037501173,0.053101144,0.024175185,-0.014771423,-0.042608841
Q21_r4,-0.000544811,0.021571807,0.03508641,0.007261077,-0.029867438,0.041826714,-0.08481312,0.014589076,0.042510124,0.032699149,0.029144572,-0.015657328
Q9_r3,-0.000577915,-0.006592216,-0.005298886,0.080003464,-0.138289357,0.22899734,-0.225610705,0.004447687,0.061843875,0.062366604,-0.012866616,0.0195247
Q16_r9,-0.000635958,-0.007553185,-0.022309701,-0.014355472,-0.032058175,0.028403485,-0.025013111,-0.005390214,0.010475098,-0.01047452,-0.006381498,0.061159914
QDevice_r2,-0.001165951,0.003058895,-0.006573533,0.042627348,0.032757217,0.036059423,-0.060595651,0.04207664,-0.01562122,0.005410148,-0.027697838,-0.035543824
Q12_r16,-0.001563016,-0.024677787,-0.016548707,-0.072630429,0.042518899,0.045141532,0.046745991,0.01361078,-0.092674616,-0.025458761,-0.011529533,0.083354216
Q22_r20,-0.001828563,0.047342352,0.020641438,0.068626463,-0.035245599,-0.028040975,-0.066335572,0.000679089,0.141362302,-0.012667302,0.001717315,-0.127817746
S5_r7,-0.002566504,-0.007967075,-0.023532199,0.009055158,-0.002413629,-0.016376633,0.003756804,-0.018339171,-0.028100724,-0.023688278,-0.006731183,0.077269363
Q2_C1_r3,-0.002765424,0.010985635,0.013673094,0.034052803,-0.000255144,-0.052574665,-0.008033215,-0.010429363,0.081947096,0.042139058,0.062009234,-0.12299183
Q18_r2,-0.003072529,0.024229807,-0.012546864,0.065460649,-0.025729952,-0.019163627,-0.007805054,-0.049401562,0.01165317,0.040155949,0.017668044,-0.027064009
Q20_r6,-0.003385138,-0.016169875,-0.024244735,0.010760149,-0.045873193,0.073313914,-0.06224517,-0.02504722,0.014243633,0.030487288,0.013244582,0.040426744
Q13_r3,-0.003508282,-0.004697155,0.018859273,0.028265819,-0.02611557,0.008431262,-0.03539373,0.015893644,0.010167664,0.037445862,-0.001577946,-0.02144297
Q13_r20,-0.003551827,0.004517461,-0.009454501,-0.022504906,0.035819832,-0.032409197,0.064294392,-0.02518957,-0.050263452,-0.012322868,-0.00427843,0.032328196
Q8_r4,-0.003900205,-0.008265285,-0.024413015,-0.024405336,0.032605871,0.010700573,0.002619055,0.01640341,-0.033657959,0.014738359,-0.006983133,0.021631241
Q24_r3,-0.004014836,0.001626459,-0.001286097,-0.059890951,0.061649713,-0.025243814,0.063259889,-0.016555962,-0.073057735,-0.001108854,-0.02475632,0.060439889
Q22_r3,-0.004468845,0.01444684,0.008296264,-0.018878837,-0.004316297,-0.004750524,0.004178114,-0.004652019,0.02908393,0.007152915,0.012205775,-0.021640374
Q12_r5,-0.005130691,0.018032516,0.037131309,0.007437067,-0.021834577,-0.004928801,0.005940152,-0.035197394,-0.01249853,0.043953299,0.060537609,-0.002297192
Q22_r18,-0.005219559,0.027040501,0.010660724,0.065822565,-0.066795019,0.023425931,-0.085021212,0.002473466,0.124899094,0.029480785,0.001677378,-0.110953603
Q12_r21,-0.005359034,-0.006177903,-0.004034706,0.016301551,-0.026332431,-0.001124658,0.013431725,0.051651667,-0.02327175,-0.009350765,0.004537556,-0.002672706
Q10_r4,-0.006239033,0.028567217,-0.001257003,0.031381221,-0.003916185,-0.033912978,0.000982731,-0.015212859,0.002516857,0.017647172,0.031190372,-0.012857155
Q26_r4,-0.006577762,0.003216215,-0.012961694,-0.049923962,0.043955812,-0.022121256,0.061787589,-0.016548821,-0.065423278,0.005546216,-0.023868416,0.057219516
Q20_r2,-0.007067071,0.024690592,0.021137064,0.039063331,0.003915077,-0.017458254,-0.006987448,0.044027798,-0.003895506,0.008550803,-0.01123738,-0.060699861
Q20_r4,-0.007257821,0.016451687,-0.026313773,-0.028334437,0.044870499,-0.046763424,0.054521749,-0.012614643,0.01324544,-0.017477804,-0.010356737,-0.026293847
Q8_r3,-0.007454151,-0.009108014,-0.000999223,0.021469422,-0.01681172,-0.013159705,0.013132303,-0.009145797,0.006955043,0.034211992,-0.007695134,-0.031085843
Q22_r4,-0.007483424,0.031266794,0.056082657,0.009195227,-0.056964595,-0.008116239,-0.084809182,0.062722358,0.107897146,-0.01997487,-0.026938416,-0.037450537
Q24_r2,-0.0075982,0.004520749,-0.020823687,-0.013489309,0.008907838,-0.019298052,-0.002264639,-0.007873437,-0.006448128,0.005752818,0.036813147,0.041118402
Q10_r7,-0.007706983,0.040395443,0.004739483,-0.025766669,-0.01362805,-0.009795558,-0.031769445,-0.014917771,0.046379141,0.024038345,0.007238096,0.016432791
Q26_r3,-0.007983819,0.015920838,0.031670826,-0.0190317,0.033062305,-0.017229223,0.030057891,-0.02666544,-0.009995737,0.015828689,0.023033562,-0.02848073
S5_r6,-0.007993756,-0.009241948,-0.014520895,0.00369665,-0.012547274,0.086506459,-0.051900131,0.031197694,0.024998239,-0.021465599,-0.007808291,-0.027163079
Q18_r13,-0.008366665,-0.007352636,-0.027357993,0.035436062,-0.077677426,0.119084482,-0.069762357,-0.040902371,0.089908843,-0.038895574,-0.013472627,-0.024732151
Q25_r3,-0.008492494,0.002395593,-0.004437571,-0.058302663,0.047814068,-0.023794221,0.064187323,-0.016630771,-0.065023209,-0.00168078,-0.024322471,0.06213726
Q26_r1,-0.009089759,-0.000420637,-0.00465573,0.069285185,-0.077649287,0.019808787,-0.117339771,0.056900069,0.101245802,-0.021075008,-0.002698616,-0.023706025
S5_r5,-0.009184891,0.025075088,-0.029846658,0.036712228,-0.049914126,0.058263304,-0.096240953,0.055728215,0.029409131,-0.007664708,0.010377064,0.019378445
Q18_r14,-0.009296313,0.024995574,0.036089086,-0.031191678,-0.066995417,0.030826229,-0.086432991,0.055430104,0.055436756,0.012856402,-0.014865745,0.047277609
Q15_r5,-0.009521466,-0.003818737,-0.011279331,0.003748097,-0.013197282,-0.00687322,0.012361031,-0.017919079,-0.004059765,0.004861405,-0.003226356,0.022113841
Q2_C1_r8,-0.009770439,-0.003918591,-0.01157427,0.002000339,-0.000856506,0.007554357,-0.010330044,-0.018387638,-0.006197311,0.024553427,-0.00331072,0.020053088
Q17_r8,-0.009770439,-0.003918591,0.017679697,-0.009689505,-0.000856506,-0.007864462,-0.030668262,0.00058165,0.022749986,0.024553427,-0.00331072,0.007517841
Q22_r5,-0.010081772,0.023310509,0.037458615,0.041164574,-0.050819558,0.034814774,-0.096578258,0.023885425,0.127250953,0.015426469,-0.001856941,-0.111876229
Q27_r2,-0.010347992,0.014475555,-0.039682408,0.025481332,-0.036950192,0.011860513,-0.049741895,0.019117551,0.047247397,-0.009605107,-0.018527591,0.011700086
Q16_r5,-0.010482848,-0.004204315,-0.012418205,-0.013667893,-0.004666875,0.075716025,-0.024840085,-0.019728369,-0.039057519,0.059098547,-0.003552121,0.026193255
Q2_C3_r6,-0.010521075,0.038152485,0.06784351,0.05010986,-0.009568263,-0.009680355,-0.027290053,-0.050520856,0.064430191,-0.019462677,0.006032147,-0.073400205
Q14_r2,-0.010833402,-0.009971773,-0.005631497,-0.022277407,0.000546468,0.003529112,-0.000409538,0.007272758,-0.039342722,-0.025807847,-0.008424902,0.09186032
Q15_r6,-0.010833402,-0.009971773,-0.005631497,-0.022277407,0.000546468,0.003529112,-0.000409538,0.007272758,-0.039342722,-0.025807847,-0.008424902,0.09186032
Q16_r10,-0.010833402,-0.009971773,-0.005631497,-0.022277407,0.000546468,0.003529112,-0.000409538,0.007272758,-0.039342722,-0.025807847,-0.008424902,0.09186032
Q17_r11,-0.010833402,-0.009971773,-0.005631497,-0.022277407,0.000546468,0.003529112,-0.000409538,0.007272758,-0.039342722,-0.025807847,-0.008424902,0.09186032
Q19_r7,-0.010833402,-0.009971773,-0.005631497,-0.022277407,0.000546468,0.003529112,-0.000409538,0.007272758,-0.039342722,-0.025807847,-0.008424902,0.09186032
Q20_r7,-0.010833402,-0.009971773,-0.005631497,-0.022277407,0.000546468,0.003529112,-0.000409538,0.007272758,-0.039342722,-0.025807847,-0.008424902,0.09186032
Q21_r7,-0.010833402,-0.009971773,-0.005631497,-0.022277407,0.000546468,0.003529112,-0.000409538,0.007272758,-0.039342722,-0.025807847,-0.008424902,0.09186032
Q10_r26,-0.010867856,0.040861551,0.016992612,0.011733919,-0.016080191,0.005243081,-0.02059729,-0.019470569,0.021561072,0.022620724,-0.011111426,-0.01325042
Q10_r15,-0.010990331,0.024420196,0.006020849,0.005585681,-0.005447469,0.00929749,-0.025984225,-0.02390422,0.042087375,0.007456876,-0.008459989,-0.020956174
Q10_r8,-0.010999186,0.013762536,0.044629868,-0.018502028,0.009019655,-0.034292816,0.00139527,-0.007677112,0.057557753,0.022305459,0.020734553,-0.06542649
Q22_r2,-0.011007322,-0.008881238,0.003314113,0.011948264,-0.014491972,0.007030177,-0.01203236,0.011970648,0.01737392,-0.022945397,0.012780088,-0.004382989
Q2_C2_r1,-0.011308098,0.047375136,0.039898488,0.004614858,-0.024194596,-0.013682993,-0.009697932,0.039994771,0.020383352,-0.017905853,-0.006795942,-0.020391715
Q22_r22,-0.011615553,-0.024851437,0.011263345,0.003784416,0.001566583,0.001377894,0.011037636,-0.008410701,0.005758797,-0.009900026,0.00157589,-0.013292887
S3_r5,-0.011986202,-0.004807259,0.009726391,-0.002326317,0.009900851,-0.003342805,0.008119423,-0.007043505,-0.007602752,-0.00365871,-0.004061533,0.004096749
Q20_r5,-0.011986202,-0.004807259,-0.01419911,-0.011886914,0.031804047,-0.003342805,-0.008514288,-0.007043505,0.039746627,-0.020548921,-0.004061533,-0.026659289
Oversample_r2,-0.011986202,-0.004807259,0.703565914,-0.040568702,-0.033905541,-0.028563518,-0.050098567,-0.02255763,-0.054952132,-0.020548921,-0.004061533,-0.036911302
S3_r6,-0.012383421,-0.00496657,-0.014669664,-0.023392952,-0.003207043,-0.005082117,-0.003426153,0.036800785,0.027305482,-0.021229905,-0.004196131,0.001584574
Q12_r18,-0.012740458,-0.007481473,-0.025444845,0.039177686,-0.09221649,0.089175623,-0.077967726,-0.004722142,0.040881938,0.002871102,-0.000576694,0.032907741
Q17_r4,-0.012768793,-0.00512113,-0.015126185,0.010702147,0.046233478,-0.00672193,-0.022099418,-0.02403044,-0.006615589,0.073366423,-0.004326715,-0.029684769
Q22_r14,-0.012917205,0.010114869,-0.019050105,0.019232047,0.052567475,-0.043808126,0.01787308,-0.034183261,-0.026768273,0.008697163,-0.028499575,0.010762216
Q21_r6,-0.012957369,-0.005196761,0.02898877,0.02701443,0.003937948,-0.019193189,-0.00791976,0.018740449,-0.022843272,0.00908679,-0.004390614,-0.001904271
Q15_r3,-0.013133958,0.018861259,0.111429476,-0.104611615,-0.075615401,-0.005402585,-0.076485596,0.120118813,0.141069786,-0.033011046,-0.005315306,-0.006059095
Q13_r7,-0.013400458,0.028670569,-0.025079409,0.054102437,-0.01956518,-0.015476257,-0.068118657,-0.031539121,0.073940567,0.034108996,0.039445741,-0.032604502
S3_r4,-0.013770391,0.011843535,-0.023328874,-0.035805187,-0.045281177,-0.017153188,-0.055475658,0.055574721,0.127858284,0.015725499,-0.011749342,-0.034535956
Q13_r18,-0.014602158,-0.025444883,-0.042527929,0.006646431,0.017805629,0.01576945,0.045788085,-0.048432979,-0.047819731,-0.015190716,-0.028497498,0.041141136
Q12_r8,-0.014745954,0.004263652,-0.063854115,0.022650991,0.02752655,0.004454421,0.078255243,-0.021002152,-0.109660401,0.002034786,0.001216744,0.036906505
Q23_r4,-0.015669725,-0.025291467,-0.005730636,0.007053876,-0.049464674,0.046636916,-0.10972893,0.03785617,0.076783228,0.025790337,0.018089733,0.00529846
Q19_r6,-0.016467913,-0.011536311,-0.034074585,-0.018097109,-0.004910759,0.06350627,0.039443271,-0.027056507,-0.056120707,0.02438298,-0.009746742,0.023250776
Q12_r10,-0.017150366,-0.010403167,-0.043615131,-0.017321575,-0.012830136,-0.009617371,0.079739055,-0.005712955,-0.063658994,-0.033455689,-0.027415179,0.076779649
Q8_r1,-0.017175147,-0.001056479,-0.01409381,-0.011108136,0.003850182,0.02444845,-0.00600352,-0.008070451,-0.001444623,-0.029208299,-0.015017286,0.035088033
Q9_r2,-0.018353906,0.016689786,-0.021300409,-0.063136562,0.183895978,-0.187774011,0.301117248,-0.072661936,-0.142828107,-0.045585549,0.004780669,-0.048991731
Q20_r3,-0.018440368,-0.012174797,0.004504295,-0.044595136,0.064446386,-0.071519271,0.11359807,-0.028872015,-0.021615991,-0.000403181,0.013753366,-0.042130807
Q23_r5,-0.018700175,-0.007500006,0.008953353,-0.032218167,0.018294407,-0.011773231,0.06240677,-0.015022906,-0.054953225,-0.010099961,-0.006336568,0.042379346
Q15_r4,-0.018733648,0.01389856,-0.015826524,0.036320215,0.031310686,-0.069654275,0.183768714,-0.051767204,-0.087652217,-0.011485504,0.002590904,-0.071886432
S3_r3,-0.019037514,-0.017900313,-0.052871818,-0.017924025,0.072673101,-0.022372915,0.04508837,-0.04642266,-0.032609863,0.030861293,0.009738077,-0.000884114
S5_r1,-0.01976136,0.003028309,0.029813241,-0.062158452,0.072304397,-0.074480912,0.131237777,-0.04543058,-0.074495777,-0.002878757,-0.005400494,0.020933765
Q23_r2,-0.019822923,-0.002417119,-0.002747148,-0.0256636,0.085152385,-0.072237235,0.088812014,-0.027955957,-0.065055932,0.007238568,-0.009580357,0.005593975
Q27_r4,-0.019859014,0.00602535,0.005791138,-0.048939987,0.04139762,-0.024524696,0.060845244,-0.015322551,-0.068139409,0.001459253,-0.022382636,0.06306935
Q6_r1,-0.020219575,-0.025752282,-0.019629215,0.019131908,0.0128717,0.034204746,-0.030080104,0.007239759,0.021247391,-0.000519241,0.001032223,-0.035925134
Q19_r4,-0.020326152,-0.007758701,0.002900424,0.057323535,-0.112665794,0.182152681,-0.14975725,0.024075662,0.046733701,0.038561607,-0.020848246,-0.009613149
Q16_r1,-0.02139681,0.04147679,-0.019669933,0.100254953,-0.048831493,0.026579272,-0.080171817,-0.024551831,0.043209855,0.010640682,-0.010997809,-0.019483476
S3_r2,-0.022294596,0.021657126,-0.013757608,-0.00836759,-0.005073059,-0.005248688,0.024444171,0.006639233,0.033265031,0.003234148,-0.01590676,-0.048914926
Q22_r7,-0.023326791,0.012690932,-0.000261349,-0.008905444,0.081655403,-0.067836688,0.062119162,-0.002751544,-0.00048326,-0.016487558,-0.01519057,-0.067238655
Q16_r8,-0.023405815,0.001372969,0.03518435,0.040105513,0.030535623,-0.023856031,0.078969857,-0.014234934,-0.044157909,-0.013426762,-0.006658328,-0.080551628
Q10_r2,-0.024336922,0.007628173,0.004126751,-0.006623594,-0.016833954,0.008388597,-0.023850159,0.026155451,0.041902922,-0.008369626,-0.012993048,-0.013618582
Q12_r23,-0.024550336,-0.009846307,-0.004982226,0.022842849,-0.014287092,0.011360357,-0.010457663,-0.014947545,0.062331313,0.000445961,-0.0083189,-0.065275283
Q13_r13,-0.025565081,-0.002552134,-0.034707918,0.014833316,0.027393433,0.047129104,0.02133442,-0.039723685,-0.069500991,-0.003237061,0.028153269,0.033375908
QDevice_r3,-0.025782613,0.023095323,-0.019020766,-0.027410689,0.000904212,0.029651214,0.016397031,-0.041050834,-0.00039219,-0.003531915,0.030812311,0.024281751
Q17_r1,-0.025947211,0.004079022,-0.051392807,-0.010786047,-0.058348588,-0.021461622,0.016780786,0.023939796,0.052556436,-0.022125062,-0.014700471,0.024976726
Q13_r17,-0.026220923,-0.017483559,0.007352258,-0.017890028,-0.032174996,0.016603885,-0.061725994,0.004029638,0.036075193,0.018969411,-0.014771423,0.061664523
Q18_r17,-0.02732263,-0.014912512,0.048029232,0.004602077,-0.032379007,-0.022428698,-0.053569461,-0.004842566,0.033843054,0.048530174,0.016132672,0.028968419
Q17_r7,-0.027449859,-0.011009207,0.000139977,0.028892337,-0.052733414,-0.065413927,-0.114731804,-0.016365775,0.233211989,-0.00095016,-0.009301405,-0.065873071
Q2_C2_r8,-0.027568953,-0.017900313,-0.0383858,-0.043972691,0.006365168,0.000532419,-0.012820488,-0.004153093,-0.037387917,0.020634886,-0.015123529,0.126363894
Q10_r23,-0.028004522,-0.024922539,-0.021447594,0.018975904,-0.000671811,-0.013664312,-0.01996304,0.014598829,0.015262308,0.012129744,0.018734321,-0.000120375
Q12_r9,-0.02861219,0.004947801,-0.002768106,-0.008129847,0.049001567,0.010658814,-0.006113802,0.005285484,-0.02032062,-0.002834669,0.034012675,-0.007037838
Q13_r15,-0.028918534,-0.029280695,-0.003458626,0.016959444,0.009985589,0.032630606,0.027706243,-0.04781458,-0.060629188,0.017527087,-0.020066552,0.030338168
Q2_C1_r1,-0.029384268,-0.017223762,-0.014896228,-0.051617633,0.029369225,0.012952489,0.02010299,0.01716048,-0.028853511,-0.034002887,0.010146447,0.057678922
Q12_r4,-0.030813389,-0.002891639,-0.012184412,0.041113255,-0.019560832,-0.016221224,-0.061164551,0.002968933,0.056175073,0.039081126,0.025695574,-0.02220271
Region_r1,-0.031787257,0.010472518,0.000422492,0.091764703,0.053690062,0.042124021,-0.045528013,-0.027795395,-0.048849546,0.002286649,0.00012085,-0.036524184
S1_r2,-0.034176691,0.014785524,0.018312702,-0.040371719,0.007968973,-0.00029097,-0.019357927,0.00093852,0.011899441,0.014817284,-0.001623446,0.037462936
Q12_r17,-0.034569663,-0.022586121,-0.029789188,0.028251262,0.029428697,0.047434263,0.040572166,-0.046127933,-0.110010048,0.038127577,-0.019082451,0.034893522
Q10_r10,-0.035096853,0.001771944,0.009808396,0.01373485,-0.005650347,-0.05537613,0.011045229,-0.012449784,0.03936788,-0.019337929,0.011965356,-0.002403041
Q18_r11,-0.037666891,-0.009853878,-0.029800191,-0.014284738,0.025299727,0.004454421,0.049506678,-0.039929363,-0.056708072,-0.004833891,0.001216744,0.057752241
Q13_r21,-0.042981831,-0.034816196,-0.09607077,0.010311511,0.093217685,-0.006476575,0.111262258,-0.055895969,-0.219249999,-0.013666744,0.007738944,0.16083401
Q19_r2,-0.044835339,-0.009579123,-0.059825368,-0.167423458,0.306222398,-0.139587264,0.38413674,-0.10733643,-0.233770895,-0.015262155,-0.002542781,-0.039599497
Q17_r9,-0.04815286,0.010296682,0.00159619,0.024712127,0.033050617,-0.026912834,0.068740097,-0.046514663,-0.024872059,0.009430162,0.023536511,-0.050593315
Q18_r7,-0.055727697,-0.052746431,-0.113616201,-0.035752224,0.054704933,-0.009321808,0.123532445,-0.039826197,-0.120252262,0.019813349,-0.022478679,0.092494323
Q18_r3,-0.058037317,-0.032880081,-0.066624865,-0.029720605,0.063531333,-0.007863567,0.008895914,0.020368833,0.004657395,-0.018566547,0.007108807,0.013212386
MRK_Age2_r3,-0.060703469,-0.029375164,-0.049505465,-0.056471006,0.085189172,0.030258832,0.07502485,-0.003232979,-0.100531525,-0.020352801,-0.024818345,0.059549541
Q18_r10,-0.066889798,-0.007967194,-0.088492028,0.014423093,0.008541712,0.012220865,0.051985136,-0.052742312,-0.045319783,0.013712653,-0.025312384,0.054515008
Q17_r5,-0.06850247,-0.017462739,-0.054502388,-0.00486855,0.057796937,0.010247507,0.070510431,-0.00233596,-0.067291416,-0.015319665,0.00782102,0.004005815
Q21_r1,-0.076966258,-0.039970446,-0.103609757,-0.019727354,0.145819838,-0.062321,0.159432504,-0.071994285,-0.147099649,-0.007638225,-0.033770034,0.064609395
Q18_r1,-0.099658638,0.011768485,-0.11884266,-0.019040338,0.059671465,0.017646794,0.063982274,-0.004181044,-0.070402577,-0.034304204,0.000485647,0.071766828
Q4_r1,,,,,,,,,,,,
Q4_r2,,,,,,,,,,,,
